title,company,link
사회복지법인월드비전,각 부분별 정규직 채용,www.jobkorea.co.kr/Recruit/GI_Read/33554805?Oem_Code=C1&PageGbn=ST
한국과학기술연구원,박사후연구원(Post-Doc.)/인턴연구원 2021년 1월 공개채용,www.jobkorea.co.kr/Recruit/GI_Read/33554509?Oem_Code=C1&PageGbn=ST
㈜코비젼,[강소/벤쳐기업] 기술연구소 개발 및 기획직무 채용 (프론트엔드/.NET/JAVA/전문연구요원/UX디자인),www.jobkorea.co.kr/Recruit/GI_Read/33554282?Oem_Code=C1&PageGbn=ST
㈜리노미디어,[리노미디어] 웹개발자&웹퍼블리셔 경력자 모집합니다. 개발(Web/Pub) 공개채용,www.jobkorea.co.kr/Recruit/GI_Read/33554142?Oem_Code=C1&PageGbn=ST
㈜리노미디어,"[리노미디어] 함께 할 웹,앱 기획 신입/경력 채용합니다.",www.jobkorea.co.kr/Recruit/GI_Read/33554131?Oem_Code=C1&PageGbn=ST
메가스터디교육㈜,공무원온라인사업부(메가공무원) 2021 신규/경력 채용,www.jobkorea.co.kr/Recruit/GI_Read/33552483?Oem_Code=C1&PageGbn=ST
리치앤코,2021년 상반기 대졸 공개 채용,www.jobkorea.co.kr/Recruit/GI_Read/33552159?Oem_Code=C1&PageGbn=ST
홍보대행사 미디컴,미디컴 2021년 상반기 인턴 공개 채용,www.jobkorea.co.kr/Recruit/GI_Read/33549446?Oem_Code=C1&PageGbn=ST
지노비즈㈜,2021년 상반기 각 분야별(신입/경력) 직원 채용,www.jobkorea.co.kr/Recruit/GI_Read/33548956?Oem_Code=C1&PageGbn=ST
㈜아이디어키,[바이럴/SNS] 아이디어키 브랜드마케팅팀 신입/경력 채용,www.jobkorea.co.kr/Recruit/GI_Read/33546202?Oem_Code=C1&PageGbn=ST
경동물류㈜,2020년 각 부문 경력 및 신입 채용,www.jobkorea.co.kr/Recruit/GI_Read/33545378?Oem_Code=C1&PageGbn=ST
㈜휴넷,2021년 ㈜휴넷 이러닝컨텐츠 제휴 및 영업 관리 직무 채용,www.jobkorea.co.kr/Recruit/GI_Read/33544531?Oem_Code=C1&PageGbn=ST
신안그룹,신안그룹 전산팀 신입 / 경력 채용,www.jobkorea.co.kr/Recruit/GI_Read/33544278?Oem_Code=C1&PageGbn=ST
엘에스이노베이션,2021년도 상반기 각 부문 채용,www.jobkorea.co.kr/Recruit/GI_Read/33543927?Oem_Code=C1&PageGbn=ST
㈜더퍼스트터치,2021년 상반기 전략기획 신입 및 경력직 채용,www.jobkorea.co.kr/Recruit/GI_Read/33542790?Oem_Code=C1&PageGbn=ST
㈜아트박스,(주)아트박스 온라인사업부 MD 신입 및 경력사원 모집,www.jobkorea.co.kr/Recruit/GI_Read/33538776?Oem_Code=C1&PageGbn=ST
㈜GS리테일,GS네트웍스 경력사원 채용,www.jobkorea.co.kr/Recruit/GI_Read/33538649?Oem_Code=C1&PageGbn=ST
플레이디(구 엔서치마케팅),2021년 상반기 신입 · 경력 공개채용,www.jobkorea.co.kr/Recruit/GI_Read/33537969?Oem_Code=C1&PageGbn=ST
다우기술,인터넷서비스 기획 신입사원 모집,www.jobkorea.co.kr/Recruit/GI_Read/33536874?Oem_Code=C1&PageGbn=ST
㈜티비에이치글로벌,(주)티비에이치글로벌 - 온라인 MD 모집,www.jobkorea.co.kr/Recruit/GI_Read/33536809?Oem_Code=C1&PageGbn=ST
세정아이앤씨,2021년 신입(인턴)/경력사원 공개채용 (부산/서울),www.jobkorea.co.kr/Recruit/GI_Read/33535075?Oem_Code=C1&PageGbn=ST
대방고시㈜,[대방고시]바이럴 마케팅 모집,www.jobkorea.co.kr/Recruit/GI_Read/33533795?Oem_Code=C1&PageGbn=ST
그린케미칼㈜,"경영지원팀(회계) / 경영기획팀(전산) / 생산팀 신입, 경력 모집",www.jobkorea.co.kr/Recruit/GI_Read/33532744?Oem_Code=C1&PageGbn=ST
㈜그레닉스,[빌리엔젤] 2021년 각 부문 신입/경력 정규직 채용,www.jobkorea.co.kr/Recruit/GI_Read/33531864?Oem_Code=C1&PageGbn=ST
(재)한국보건의료정보원,2021년도 제1차 정규직 직원 채용,www.jobkorea.co.kr/Recruit/GI_Read/33522501?Oem_Code=C1&PageGbn=ST
㈜NAVER,[Forest] 네이버 쇼핑 Aggregation 플랫폼 개발 인턴십 모집(채용 연계형),www.jobkorea.co.kr/Recruit/GI_Read/33521728?Oem_Code=C1&PageGbn=ST
주식회사 티시스 아이티,태광그룹 (주)티시스 IT  신입사원 공개채용,www.jobkorea.co.kr/Recruit/GI_Read/33521621?Oem_Code=C1&PageGbn=ST
㈜카카오게임즈,게임사업PM 영입,www.jobkorea.co.kr/Recruit/GI_Read/33511638?Oem_Code=C1&PageGbn=ST
현대엔지니어링㈜,IT분야 신입사원 채용,www.jobkorea.co.kr/Recruit/GI_Read/33509502?Oem_Code=C1&PageGbn=ST
소니코리아,신입/경력 채용,www.jobkorea.co.kr/Recruit/GI_Read/33508777?Oem_Code=C1&PageGbn=ST
㈜아이패밀리SC,[롬앤] 2021년 롬앤 상반기 각 부문 공개채용 (-1/4),www.jobkorea.co.kr/Recruit/GI_Read/33507855?Oem_Code=C1&PageGbn=ST
㈜코비젼,[벤쳐/강소기업] 각 부문별 수시 채용 ([개발직무-프론트엔드/JAVA/.NET/전문연구요원]/PM/영업/전략영업/솔루션PMO),www.jobkorea.co.kr/Recruit/GI_Read/33506520?Oem_Code=C1&PageGbn=ST
동아쏘시오그룹,동아제약 2021년 상반기 수시채용,www.jobkorea.co.kr/Recruit/GI_Read/33504689?Oem_Code=C1&PageGbn=ST
㈜이랜텍,본사 연구개발팀 H/W 설계 신입사원 모집,www.jobkorea.co.kr/Recruit/GI_Read/33504574?Oem_Code=C1&PageGbn=ST
㈜다날,다날 IT 자산관리 신입사원 모집,www.jobkorea.co.kr/Recruit/GI_Read/33504394?Oem_Code=C1&PageGbn=ST
㈜한국백신,데이터완전성관리팀 신입사원 채용,www.jobkorea.co.kr/Recruit/GI_Read/33503737?Oem_Code=C1&PageGbn=ST
한미헬스케어㈜,2020년 한미헬스케어㈜ 온라인 기획 및 마케팅 인재 채용,www.jobkorea.co.kr/Recruit/GI_Read/33503455?Oem_Code=C1&PageGbn=ST
이트론㈜,경영지원(총무&공시/재경) 및 가상화솔루션(영업/기술지원/개발) 직원 모집,www.jobkorea.co.kr/Recruit/GI_Read/33502334?Oem_Code=C1&PageGbn=ST
(주)대웅,2021 상반기 그룹 인턴십 채용,www.jobkorea.co.kr/Recruit/GI_Read/33502243?Oem_Code=C1&PageGbn=ST
현대자동차㈜,[현대자동차] 차량 내비게이션 개발,www.jobkorea.co.kr/Recruit/GI_Read/33502103?Oem_Code=C1&PageGbn=ST
㈜더에스엠씨그룹,[The SMC] 사내 기업브랜딩 콘텐츠에디터·모션그래퍼 신입 및 경력 채용,www.jobkorea.co.kr/Recruit/GI_Read/33499800?Oem_Code=C1&PageGbn=ST
㈜더에스엠씨그룹,[제작직군] PD·모션그래퍼·디자이너·카피라이터 신입 및 경력 채용,www.jobkorea.co.kr/Recruit/GI_Read/33499686?Oem_Code=C1&PageGbn=ST
한국전자통신연구원,2021년 1차 위촉연구원 공개채용,www.jobkorea.co.kr/Recruit/GI_Read/33496136?Oem_Code=C1&PageGbn=ST
한국전자통신연구원,2021년 1차 박사후연수연구원 공개채용,www.jobkorea.co.kr/Recruit/GI_Read/33494982?Oem_Code=C1&PageGbn=ST
하이투자증권㈜,각 부문별 신입/경력사원 채용[리서치본부(RA)/결제업무부문],www.jobkorea.co.kr/Recruit/GI_Read/33494857?Oem_Code=C1&PageGbn=ST
더이앤엠㈜,플랫폼사업부 디자인편집팀 경력사원 모집,www.jobkorea.co.kr/Recruit/GI_Read/33490579?Oem_Code=C1&PageGbn=ST
더이앤엠㈜,2021년 상반기 각 부문 신입/경력 채용,www.jobkorea.co.kr/Recruit/GI_Read/33490576?Oem_Code=C1&PageGbn=ST
㈜코어임프레션,[신입·경력/정규직] 퍼포먼스 마케팅 / 바이럴 마케팅 / 디자인 부문별 인재 채용,www.jobkorea.co.kr/Recruit/GI_Read/33484193?Oem_Code=C1&PageGbn=ST
페이레터㈜,페이레터㈜ 사원 및 경력 모집,www.jobkorea.co.kr/Recruit/GI_Read/33481109?Oem_Code=C1&PageGbn=ST
현대자동차㈜,[S/W] 인포테인먼트 S/W 플랫폼 개발,www.jobkorea.co.kr/Recruit/GI_Read/33479955?Oem_Code=C1&PageGbn=ST
현대자동차㈜,자율주행 SW 개발,www.jobkorea.co.kr/Recruit/GI_Read/33479554?Oem_Code=C1&PageGbn=ST
호스트웨이아이디씨 ㈜,[정규직] IDC운영 교대근무사원 채용,www.jobkorea.co.kr/Recruit/GI_Read/33478657?Oem_Code=C1&PageGbn=ST
㈜코비,수질 TMS 계측기 유지관리 및 AS 직원 모집 (환경기사 우대),www.jobkorea.co.kr/Recruit/GI_Read/33478621?Oem_Code=C1&PageGbn=ST
굿어스㈜,NMS 유지보수 (신입 - 경력 2년 이하),www.jobkorea.co.kr/Recruit/GI_Read/33477494?Oem_Code=C1&PageGbn=ST
㈜카카오엔터프라이즈,[클라우드플랫폼] 서비스 개발자 영입,www.jobkorea.co.kr/Recruit/GI_Read/33476809?Oem_Code=C1&PageGbn=ST
㈜카카오엔터프라이즈,[클라우드서비스] 네트워크 개발자 영입,www.jobkorea.co.kr/Recruit/GI_Read/33476806?Oem_Code=C1&PageGbn=ST
㈜카카오엔터프라이즈,[클라우드플랫폼] 어플리케이션 서버 개발자 영입,www.jobkorea.co.kr/Recruit/GI_Read/33471642?Oem_Code=C1&PageGbn=ST
㈜카카오엔터프라이즈,[클라우드플랫폼] 클라우드 플랫폼 서비스를 위한 화면(Web UI) 개발자 영입,www.jobkorea.co.kr/Recruit/GI_Read/33471599?Oem_Code=C1&PageGbn=ST
현대자동차㈜,자율주행 SW 개발 경력직 채용,www.jobkorea.co.kr/Recruit/GI_Read/33469852?Oem_Code=C1&PageGbn=ST
㈜텐바이텐,"㈜텐바이텐 웹디자이너 모집 (경력직, 계약직)",www.jobkorea.co.kr/Recruit/GI_Read/33466539?Oem_Code=C1&PageGbn=ST
㈜지아이티,각 부문 경력/신입사원 수시채용,www.jobkorea.co.kr/Recruit/GI_Read/33464189?Oem_Code=C1&PageGbn=ST
㈜브이원텍,SW Programmer 부문 신입/경력 정규직 채용,www.jobkorea.co.kr/Recruit/GI_Read/33458857?Oem_Code=C1&PageGbn=ST
㈜인피니트헬스케어,"2020년 하반기 정규직 수시채용(SE,영업,SW개발,재무,경영지원 등)",www.jobkorea.co.kr/Recruit/GI_Read/33458122?Oem_Code=C1&PageGbn=ST
㈜해커스어학원,[신입/경력] 온라인 광고 마케팅 채용,www.jobkorea.co.kr/Recruit/GI_Read/33457039?Oem_Code=C1&PageGbn=ST
자이에스앤디㈜,자이S&D(주) 안드로이드 앱 개발자 모집,www.jobkorea.co.kr/Recruit/GI_Read/33455137?Oem_Code=C1&PageGbn=ST
㈜위즈그룹,"온라인 광고 팀장 / 온라인 광고 AE / SNS 운영 신입, 경력 각 부문 모집",www.jobkorea.co.kr/Recruit/GI_Read/33454570?Oem_Code=C1&PageGbn=ST
㈜아이디그룹,"아무나와 함께하지 않습니다. 콘텐츠 에디터, 마케터, UI/UX 웹디자이너, 경영지원 채용",www.jobkorea.co.kr/Recruit/GI_Read/33452281?Oem_Code=C1&PageGbn=ST
메리츠증권(주),IT부문 채용 (신입/경력),www.jobkorea.co.kr/Recruit/GI_Read/33439795?Oem_Code=C1&PageGbn=ST
㈜스마트동스쿨,[6개월 인턴쉽-월185만원] 웹디자인 직군 선발-마포구,www.jobkorea.co.kr/Recruit/GI_Read/33434509?Oem_Code=C1&PageGbn=ST
㈜인스웨이브시스템즈,"[정규직 공채] 분야별 개발직, 지원직 신입/경력 모집 (주)인스웨이브시스템즈",www.jobkorea.co.kr/Recruit/GI_Read/33429532?Oem_Code=C1&PageGbn=ST
㈜청파이엠티,블루이북스미디어 신입/경력사원 채용공고,www.jobkorea.co.kr/Recruit/GI_Read/33426400?Oem_Code=C1&PageGbn=ST
SK인포섹,개인정보보호 컨설팅 신입직 채용,www.jobkorea.co.kr/Recruit/GI_Read/33415272?Oem_Code=C1&PageGbn=ST
SK인포섹,개인정보보호 컨설팅 신입/경력직 채용,www.jobkorea.co.kr/Recruit/GI_Read/33415167?Oem_Code=C1&PageGbn=ST
㈜토마토시스템,"[(주)토마토시스템] 부문별 신입/경력직 채용(개발자,설계자,영업)",www.jobkorea.co.kr/Recruit/GI_Read/33409768?Oem_Code=C1&PageGbn=ST
유니슨㈜,"연구소 Embedded s/w, 알고리즘 및 C#/Java Web S/W 모집",www.jobkorea.co.kr/Recruit/GI_Read/33409540?Oem_Code=C1&PageGbn=ST
㈜지앤지커머스,[도매꾹] 전문연구요원 병역특례 PHP 웹개발자 채용 (CodeIgniter/Laravel),www.jobkorea.co.kr/Recruit/GI_Read/33405544?Oem_Code=C1&PageGbn=ST
호스트웨이아이디씨 ㈜,[정규직] 시스템엔지니어 채용(신입/경력),www.jobkorea.co.kr/Recruit/GI_Read/33404119?Oem_Code=C1&PageGbn=ST
(주)티몬,[티몬] 마크업 개발자,www.jobkorea.co.kr/Recruit/GI_Read/33403276?Oem_Code=C1&PageGbn=ST
㈜이투에스,㈜이투에스 ICT사업부 S/W개발 신입/경력 모집 공고,www.jobkorea.co.kr/Recruit/GI_Read/33400431?Oem_Code=C1&PageGbn=ST
㈜스마트동스쿨,보충역 (현역x)산업기능요원 정보처리 병역특례 개발 PHP node.js 리액트 (보충역),www.jobkorea.co.kr/Recruit/GI_Read/33396963?Oem_Code=C1&PageGbn=ST
㈜에이티앤에스그룹,(주)에이티앤에스그룹 JAVA 개발자 경력/신입 채용 공고,www.jobkorea.co.kr/Recruit/GI_Read/33396786?Oem_Code=C1&PageGbn=ST
뱅크웨어글로벌,2021년 뱅크웨어글로벌 전문연구요원(병역특례) SW개발직 모집,www.jobkorea.co.kr/Recruit/GI_Read/33393750?Oem_Code=C1&PageGbn=ST
㈜피씨디렉트,(주) 피씨디렉트 물류관리팀 채용,www.jobkorea.co.kr/Recruit/GI_Read/33387078?Oem_Code=C1&PageGbn=ST
㈜에스엠씨인터내셔널,[내일채움공제]각 부문 채용(퍼포먼스마케터/마케터/미디어커머스/외식연구원/앱개발자/백앤드개발/웹디자인/제과제빵개발),www.jobkorea.co.kr/Recruit/GI_Read/33384234?Oem_Code=C1&PageGbn=ST
㈜이오테크닉스,"제어SW, 펌웨어 개발 모집",www.jobkorea.co.kr/Recruit/GI_Read/33380705?Oem_Code=C1&PageGbn=ST
㈜해커스어학원,[신입/경력] 국어연구원 채용,www.jobkorea.co.kr/Recruit/GI_Read/33372244?Oem_Code=C1&PageGbn=ST
㈜디이엔티(DE&T),(주) DE&T 제어설계팀 신입사원 채용,www.jobkorea.co.kr/Recruit/GI_Read/33357724?Oem_Code=C1&PageGbn=ST
㈜아모텍,R&D 부문 신입/경력 사원 수시채용,www.jobkorea.co.kr/Recruit/GI_Read/33357264?Oem_Code=C1&PageGbn=ST
한국전력공사,2020년도 3차 연구직 직원 모집,www.jobkorea.co.kr/Recruit/GI_Read/33343263?Oem_Code=C1&PageGbn=ST
대방고시㈜,영상편집PD(인코딩)모집,www.jobkorea.co.kr/Recruit/GI_Read/33335594?Oem_Code=C1&PageGbn=ST
SK네트웍스서비스,Infra사업본부 SKB 통신망 관제 엔지니어 채용,www.jobkorea.co.kr/Recruit/GI_Read/33335151?Oem_Code=C1&PageGbn=ST
㈜티맥스소프트,[티맥스그룹] 2020년 컨설팅부문 신입 및 경력 상시 채용,www.jobkorea.co.kr/Recruit/GI_Read/33324997?Oem_Code=C1&PageGbn=ST
㈜해커스어학원,[신입/경력] 바이럴 영상 기획 및 제작 / 채널 운영 채용,www.jobkorea.co.kr/Recruit/GI_Read/33308538?Oem_Code=C1&PageGbn=ST
㈜해커스어학원,[인턴] 어플리케이션 기획/운영 및 모니터링 인턴 채용,www.jobkorea.co.kr/Recruit/GI_Read/33307782?Oem_Code=C1&PageGbn=ST
㈜케이씨이아이,[KCEI] 연구개발직 신입 및 경력 채용,www.jobkorea.co.kr/Recruit/GI_Read/33306066?Oem_Code=C1&PageGbn=ST
제이슨그룹,커머스쇼핑 AMD 직원채용,www.jobkorea.co.kr/Recruit/GI_Read/33297142?Oem_Code=C1&PageGbn=ST
㈜나무가,[중견기업/상장사] 나무가 공개채용,www.jobkorea.co.kr/Recruit/GI_Read/33281554?Oem_Code=C1&PageGbn=ST
㈜아이씨디,기반기술센터 신입/경력사원 채용,www.jobkorea.co.kr/Recruit/GI_Read/33275010?Oem_Code=C1&PageGbn=ST
㈜엑스퍼넷,[(주)엑스퍼넷] IT기술지원 신입사원 공개채용,www.jobkorea.co.kr/Recruit/GI_Read/33240289?Oem_Code=C1&PageGbn=ST
현대엠엔소프트㈜,IT인프라/OA 운영관리 부문 채용,www.jobkorea.co.kr/Recruit/GI_Read/33239627?Oem_Code=C1&PageGbn=ST
㈜유니온커뮤니티,기술연구소 R&D 부문별 정직원 채용,www.jobkorea.co.kr/Recruit/GI_Read/33236883?Oem_Code=C1&PageGbn=ST
㈜넥스지,"(주)넥스지 개발자 경력직 채용(네트워크 보안 SW개발,신입1명,경력2명)",www.jobkorea.co.kr/Recruit/GI_Read/33226955?Oem_Code=C1&PageGbn=ST
㈜한솔요리학원,HS 에듀그룹 한솔요리학원 부문별 정규직 모집,www.jobkorea.co.kr/Recruit/GI_Read/33222510?Oem_Code=C1&PageGbn=ST
의료법인 삼광의료재단,[삼광바이오트리그룹] 마케팅(홍보/브랜드) 기획 경력직 채용,www.jobkorea.co.kr/Recruit/GI_Read/33218717?Oem_Code=C1&PageGbn=ST
㈜네오위즈,[네오위즈] 각 부문 신입/인턴 통합 채용,www.jobkorea.co.kr/Recruit/GI_Read/33209765?Oem_Code=C1&PageGbn=ST
㈜파인원커뮤니케이션즈,(주)파인원커뮤니케이션즈 자회사 (주)파인스테이 서비스 플랫폼 본부에서 기획 신입/경력자를 채용합니다.,www.jobkorea.co.kr/Recruit/GI_Read/33169711?Oem_Code=C1&PageGbn=ST
㈜해커스어학원,[신입] 기획/마케팅 채용,www.jobkorea.co.kr/Recruit/GI_Read/33153788?Oem_Code=C1&PageGbn=ST
㈜해커스어학원,[신입] 온라인 홍보기획/바이럴 마케팅 채용,www.jobkorea.co.kr/Recruit/GI_Read/33153614?Oem_Code=C1&PageGbn=ST
㈜파트론,웨어러블 기기 SW/FW 개발담당자 채용,www.jobkorea.co.kr/Recruit/GI_Read/33120203?Oem_Code=C1&PageGbn=ST
㈜마크애니,2020년 하반기 마크애니 공개채용(IT전문직군),www.jobkorea.co.kr/Recruit/GI_Read/33107276?Oem_Code=C1&PageGbn=ST
㈜시큐레이어,2020년 하반기 공개채용(웹개발파트) 초급개발자 모집,www.jobkorea.co.kr/Recruit/GI_Read/33107212?Oem_Code=C1&PageGbn=ST
㈜펄어비스,[펄어비스] 2020 전 부문 수시채용,www.jobkorea.co.kr/Recruit/GI_Read/33099161?Oem_Code=C1&PageGbn=ST
㈜포이시스,[본사/대구/부산] 각 부문별 정규직 및 프리랜스 모집,www.jobkorea.co.kr/Recruit/GI_Read/33098230?Oem_Code=C1&PageGbn=ST
㈜해커스어학원,[신입/경력] 웹디자이너 채용,www.jobkorea.co.kr/Recruit/GI_Read/33092523?Oem_Code=C1&PageGbn=ST
㈜투비소프트,㈜투비소프트 - 각 부문별  신입/경력사원 채용,www.jobkorea.co.kr/Recruit/GI_Read/33087041?Oem_Code=C1&PageGbn=ST
링크제니시스,"[신입] 반도체/디스플레이 자동화 S/W(C++(MFC), C#(.Net), 통신프로그램) 개발자",www.jobkorea.co.kr/Recruit/GI_Read/33086885?Oem_Code=C1&PageGbn=ST
유비벨록스㈜,유비벨록스㈜ 인원채용,www.jobkorea.co.kr/Recruit/GI_Read/33074918?Oem_Code=C1&PageGbn=ST
이카이스㈜,"웹, 앱 유지보수 풀스텍 개발자",www.jobkorea.co.kr/Recruit/GI_Read/33049438?Oem_Code=C1&PageGbn=ST
㈜유니온커뮤니티,바이오인식 알고리즘 개발자 채용,www.jobkorea.co.kr/Recruit/GI_Read/33045912?Oem_Code=C1&PageGbn=ST
에이엠텔레콤㈜,하드웨어·소프트웨어 2개부문 신입개발자 채용,www.jobkorea.co.kr/Recruit/GI_Read/33036153?Oem_Code=C1&PageGbn=ST
㈜에이티앤에스그룹,(주)에이티앤에스그룹 SAP BC 컨설턴트 정규직 신입 및 경력사원 모집,www.jobkorea.co.kr/Recruit/GI_Read/33009598?Oem_Code=C1&PageGbn=ST
아데코코리아,[여의도/외국계 금융사] IT Support 정규직 채용(영어 가능자 우대),www.jobkorea.co.kr/Recruit/GI_Read/32998666?Oem_Code=C1&PageGbn=ST
㈜와이티에스,2020년 신입 및 경력 S/W인원 모집,www.jobkorea.co.kr/Recruit/GI_Read/32985471?Oem_Code=C1&PageGbn=ST
㈜네오플,[네오플] 기술지원 (게임QA/정보보안/시스템/웹개발) 직군 인재 모집,www.jobkorea.co.kr/Recruit/GI_Read/32963876?Oem_Code=C1&PageGbn=ST
㈜솔트룩스,"인공지능(AI) 전문기업 솔트룩스 - 웹개발, 프론트엔드 개발자 (병특 가능)",www.jobkorea.co.kr/Recruit/GI_Read/32938387?Oem_Code=C1&PageGbn=ST
㈜더블다운인터액티브,웹/게임 서버 개발자 모집 (경력),www.jobkorea.co.kr/Recruit/GI_Read/32916233?Oem_Code=C1&PageGbn=ST
㈜펄어비스,[펄어비스] 웹 콘텐츠 구축/운영 담당자 모집,www.jobkorea.co.kr/Recruit/GI_Read/32862584?Oem_Code=C1&PageGbn=ST
㈜이모션,각 부분별 팀원급 및 리더급 [이글리안] 채용,www.jobkorea.co.kr/Recruit/GI_Read/32833381?Oem_Code=C1&PageGbn=ST
갤럭시아머니트리(주),[효성 계열사] 네트워크 운영 담당자 모집,www.saramin.co.kr/zf_user/jobs/relay/view?view_type=list&rec_idx=39335365&adsCategoryItem=effect_bold&
(주)판토스,"[판토스/LG계열] 전분야 경력 채용 (W&amp;D, 포워딩, IT)",www.saramin.co.kr/zf_user/jobs/relay/view?view_type=list&rec_idx=39320856
갤럭시아머니트리(주),[효성 계열사] DB운영 및 정보보호 관리 담당자 모집,www.saramin.co.kr/zf_user/jobs/relay/view?view_type=list&rec_idx=39335316&adsCategoryItem=effect_bold&
(주)대우에스티,[㈜대우에스티] 2021년 경력직 공개채용,www.saramin.co.kr/zf_user/jobs/relay/view?view_type=list&rec_idx=39339734
디아이웨어(주),[CJ올리브네트웍스 자회사] 2021년 상반기 IT직무 경력사원 공개채용,www.saramin.co.kr/zf_user/jobs/relay/view?view_type=list&rec_idx=39343930
(주)케이앤웍스,카카오광고 영업 및 운영 담당자 모집,www.saramin.co.kr/zf_user/jobs/relay/view?view_type=list&rec_idx=39320963&adsCategoryItem=effect_bold&
(주)하이텔레서비스,[LG전자 자회사] HR실 노경담당/ IT정보보안 경력사원 채용,www.saramin.co.kr/zf_user/jobs/relay/view?view_type=list&rec_idx=39335926&adsCategoryItem=effect_bold&
대림건설(주),경력사원 채용 (건축현장 토목시공/데이터분석),www.saramin.co.kr/zf_user/jobs/relay/view?view_type=list&rec_idx=39341058
현대무벡스(주),현대무벡스㈜ 부문별 경력사원 상시 모집,www.saramin.co.kr/zf_user/jobs/relay/view?view_type=list&rec_idx=38783890&adsCategoryItem=effect_bold&
동국시스템즈(주),[동국시스템즈] 그룹웨어 시스템 개발/운영 경력모집(SM),www.saramin.co.kr/zf_user/jobs/relay/view?view_type=list&rec_idx=39349887
이니텍(주),[KT그룹사] 인터넷뱅킹 JAVA 웹개발 경력직 모집,www.saramin.co.kr/zf_user/jobs/relay/view?view_type=list&rec_idx=39348995
드림마크원(주),2021년 코로케이션팀 신입/경력사원 채용,www.saramin.co.kr/zf_user/jobs/relay/view?view_type=list&rec_idx=39342726
(주)카카오브이엑스,카카오VX 서비스개발팀 웹개발자(PHP) 채용,www.saramin.co.kr/zf_user/jobs/relay/view?view_type=list&rec_idx=39345795
(주)카카오브이엑스,카카오VX 인프라운영 SE 담당자 영입,www.saramin.co.kr/zf_user/jobs/relay/view?view_type=list&rec_idx=39345779
(주)한국스탠다드차타드은행,[정규직] SC제일은행 정보시스템개발/유지부 및 정보보안부 직원 채용,www.saramin.co.kr/zf_user/jobs/relay/view?view_type=list&rec_idx=39338963
(주)카카오브이엑스,카카오VX  카카오골프예약 서버개발자 채용,www.saramin.co.kr/zf_user/jobs/relay/view?view_type=list&rec_idx=39345681
(주)디케이테크인,[카카오자회사] 카카오엔터프라이즈 데이터센터 엔지니어,www.saramin.co.kr/zf_user/jobs/relay/view?view_type=list&rec_idx=39345680
(주)카카오브이엑스,카카오VX  시스템본부 DB운영팀 DBA채용,www.saramin.co.kr/zf_user/jobs/relay/view?view_type=list&rec_idx=39345548
(주)지에프앤엘,플랫폼 앱/웹 개발자 및 온라인 마케팅 부문별 정규직 채용,www.saramin.co.kr/zf_user/jobs/relay/view?view_type=list&rec_idx=39344630
에스케이인포섹(주),[SK인포섹] 보안인력 각 부문 경력직 채용,www.saramin.co.kr/zf_user/jobs/relay/view?view_type=list&rec_idx=39343639
드림라인(주),2021년 상반기 신입 및 경력사원 채용,www.saramin.co.kr/zf_user/jobs/relay/view?view_type=list&rec_idx=39342624
(주)케이씨씨건설,각 부문 신입 및 경력사원 모집,www.saramin.co.kr/zf_user/jobs/relay/view?view_type=list&rec_idx=39304832
(주)케이씨씨글라스,KCC글라스 각 부문 신입/경력 채용공고,www.saramin.co.kr/zf_user/jobs/relay/view?view_type=list&rec_idx=39312444
에스케이바이오팜(주),[SK바이오팜] 신입/경력사원 채용,www.saramin.co.kr/zf_user/jobs/relay/view?view_type=list&rec_idx=39313019
에스케이엠앤서비스(주),[SK엠앤서비스㈜] 각 부문 경력직 채용,www.saramin.co.kr/zf_user/jobs/relay/view?view_type=list&rec_idx=39321682
(주)카카오커머스,[카카오커머스] 기술직군 모집,www.saramin.co.kr/zf_user/jobs/relay/view?view_type=list&rec_idx=39046559
(주)프레시코드,[프레시코드] Back-End 개발자 채용,www.saramin.co.kr/zf_user/jobs/relay/view?view_type=list&rec_idx=39333433
(주)프레시코드,[프레시코드] Front-End 개발자 채용(React Native),www.saramin.co.kr/zf_user/jobs/relay/view?view_type=list&rec_idx=39333528
(주)엔미디어플랫폼,[넥슨그룹] NMP 개발자 경력직 모집 안내 (DBA / PHP),www.saramin.co.kr/zf_user/jobs/relay/view?view_type=list&rec_idx=39141141
(주)엔미디어플랫폼,[넥슨그룹] 엔미디어플랫폼 웹개발자(.Net) 인재 모집,www.saramin.co.kr/zf_user/jobs/relay/view?view_type=list&rec_idx=39179660
(주)아트웍스코리아,[CJ계열사] 펀샵 웹개발자 모집 ( .NET / 닷넷 / C# / 자바),www.saramin.co.kr/zf_user/jobs/relay/view?view_type=list&rec_idx=39169732
(주)한빛소프트,[정보자산팀] 정보보안파트 경력직 채용,www.saramin.co.kr/zf_user/jobs/relay/view?view_type=list&rec_idx=39332960
(주)엔미디어플랫폼,[넥슨그룹] 엔미디어플랫폼 부문별 경력 채용,www.saramin.co.kr/zf_user/jobs/relay/view?view_type=list&rec_idx=39205902
에스케이인포섹(주),[SK인포섹] 보안운영 &amp; 보안사업 BA 경력직 채용,www.saramin.co.kr/zf_user/jobs/relay/view?view_type=list&rec_idx=39332145
(주)프레시코드,[프레시코드] Front-End 개발자 채용,www.saramin.co.kr/zf_user/jobs/relay/view?view_type=list&rec_idx=39331683
소니코리아(주),소니코리아 신입/경력 채용,www.saramin.co.kr/zf_user/jobs/relay/view?view_type=list&rec_idx=39299579
(주)비즈테크파트너스,IT 인프라 운영 및 클라우드 TA/SA 채용,www.saramin.co.kr/zf_user/jobs/relay/view?view_type=list&rec_idx=39306591
(주)비즈테크파트너스,"ERP(인사,재무) 분석/설계, 개발자 채용",www.saramin.co.kr/zf_user/jobs/relay/view?view_type=list&rec_idx=39281111
현대엔지니어링㈜,현대엔지니어링 IT분야 경력직 채용,www.saramin.co.kr/zf_user/jobs/relay/view?view_type=list&rec_idx=39322182
(주)SBS,SBS IT시스템개발 경력사원 공개채용,www.saramin.co.kr/zf_user/jobs/relay/view?view_type=list&rec_idx=39321887
엔아이티서비스 주식회사,[NIT Service] 네이버페이 서비스 운영,www.saramin.co.kr/zf_user/jobs/relay/view?view_type=list&rec_idx=39320687
엔아이티서비스 주식회사,[NIT Service] NAVER IDC 서버 운영/관리(평촌),www.saramin.co.kr/zf_user/jobs/relay/view?view_type=list&rec_idx=39320679
엔아이티서비스 주식회사,[NIT Service] NAVER IDC 서버 운영/관리(춘천),www.saramin.co.kr/zf_user/jobs/relay/view?view_type=list&rec_idx=39320635
엔아이티서비스 주식회사,[NIT Service] NAVER 오피스 네트워크 운영,www.saramin.co.kr/zf_user/jobs/relay/view?view_type=list&rec_idx=39320576
(주)써로마인드,인공지능으로 직무전환을 원하시는 프론트엔드 개발자 모십니다.,www.saramin.co.kr/zf_user/jobs/relay/view?view_type=list&rec_idx=39318715
(주)써로마인드,인공지능으로 직무전환을 원하시는 백엔드 개발자 모십니다.,www.saramin.co.kr/zf_user/jobs/relay/view?view_type=list&rec_idx=39318668
에스케이인포섹(주),[SK인포섹] 보안솔루션 구축 PM 채용,www.saramin.co.kr/zf_user/jobs/relay/view?view_type=list&rec_idx=39314940
에프알엘코리아(주),[ UNIQLO ] 정보보안 담당자 Junior 모집,www.saramin.co.kr/zf_user/jobs/relay/view?view_type=list&rec_idx=39314246
(주)한빛소프트,"피트니스 앱개발자 모집(안드로이드, iOS, 서버)",www.saramin.co.kr/zf_user/jobs/relay/view?view_type=list&rec_idx=39294892
홈플러스주식회사,IDE 개발자 정규직 채용(경력),www.saramin.co.kr/zf_user/jobs/relay/view?view_type=list&rec_idx=39311368
갤럭시아머니트리(주),[효성 계열사] 네트워크 운영 담당자 모집,www.saramin.co.kr/zf_user/jobs/relay/view?view_type=list&rec_idx=39335365&adsCategoryItem=effect_bold&
(주)판토스,"[판토스/LG계열] 전분야 경력 채용 (W&amp;D, 포워딩, IT)",www.saramin.co.kr/zf_user/jobs/relay/view?view_type=list&rec_idx=39320856
갤럭시아머니트리(주),[효성 계열사] DB운영 및 정보보호 관리 담당자 모집,www.saramin.co.kr/zf_user/jobs/relay/view?view_type=list&rec_idx=39335316&adsCategoryItem=effect_bold&
(주)대우에스티,[㈜대우에스티] 2021년 경력직 공개채용,www.saramin.co.kr/zf_user/jobs/relay/view?view_type=list&rec_idx=39339734
디아이웨어(주),[CJ올리브네트웍스 자회사] 2021년 상반기 IT직무 경력사원 공개채용,www.saramin.co.kr/zf_user/jobs/relay/view?view_type=list&rec_idx=39343930
(주)케이앤웍스,카카오광고 영업 및 운영 담당자 모집,www.saramin.co.kr/zf_user/jobs/relay/view?view_type=list&rec_idx=39320963&adsCategoryItem=effect_bold&
(주)하이텔레서비스,[LG전자 자회사] HR실 노경담당/ IT정보보안 경력사원 채용,www.saramin.co.kr/zf_user/jobs/relay/view?view_type=list&rec_idx=39335926&adsCategoryItem=effect_bold&
대림건설(주),경력사원 채용 (건축현장 토목시공/데이터분석),www.saramin.co.kr/zf_user/jobs/relay/view?view_type=list&rec_idx=39341058
현대무벡스(주),현대무벡스㈜ 부문별 경력사원 상시 모집,www.saramin.co.kr/zf_user/jobs/relay/view?view_type=list&rec_idx=38783890&adsCategoryItem=effect_bold&
동국시스템즈(주),[동국시스템즈] 그룹웨어 시스템 개발/운영 경력모집(SM),www.saramin.co.kr/zf_user/jobs/relay/view?view_type=list&rec_idx=39349887
이니텍(주),[KT그룹사] 인터넷뱅킹 JAVA 웹개발 경력직 모집,www.saramin.co.kr/zf_user/jobs/relay/view?view_type=list&rec_idx=39348995
드림마크원(주),2021년 코로케이션팀 신입/경력사원 채용,www.saramin.co.kr/zf_user/jobs/relay/view?view_type=list&rec_idx=39342726
(주)카카오브이엑스,카카오VX 서비스개발팀 웹개발자(PHP) 채용,www.saramin.co.kr/zf_user/jobs/relay/view?view_type=list&rec_idx=39345795
(주)카카오브이엑스,카카오VX 인프라운영 SE 담당자 영입,www.saramin.co.kr/zf_user/jobs/relay/view?view_type=list&rec_idx=39345779
(주)한국스탠다드차타드은행,[정규직] SC제일은행 정보시스템개발/유지부 및 정보보안부 직원 채용,www.saramin.co.kr/zf_user/jobs/relay/view?view_type=list&rec_idx=39338963
(주)카카오브이엑스,카카오VX  카카오골프예약 서버개발자 채용,www.saramin.co.kr/zf_user/jobs/relay/view?view_type=list&rec_idx=39345681
(주)디케이테크인,[카카오자회사] 카카오엔터프라이즈 데이터센터 엔지니어,www.saramin.co.kr/zf_user/jobs/relay/view?view_type=list&rec_idx=39345680
(주)카카오브이엑스,카카오VX  시스템본부 DB운영팀 DBA채용,www.saramin.co.kr/zf_user/jobs/relay/view?view_type=list&rec_idx=39345548
(주)지에프앤엘,플랫폼 앱/웹 개발자 및 온라인 마케팅 부문별 정규직 채용,www.saramin.co.kr/zf_user/jobs/relay/view?view_type=list&rec_idx=39344630
에스케이인포섹(주),[SK인포섹] 보안인력 각 부문 경력직 채용,www.saramin.co.kr/zf_user/jobs/relay/view?view_type=list&rec_idx=39343639
드림라인(주),2021년 상반기 신입 및 경력사원 채용,www.saramin.co.kr/zf_user/jobs/relay/view?view_type=list&rec_idx=39342624
(주)케이씨씨건설,각 부문 신입 및 경력사원 모집,www.saramin.co.kr/zf_user/jobs/relay/view?view_type=list&rec_idx=39304832
(주)케이씨씨글라스,KCC글라스 각 부문 신입/경력 채용공고,www.saramin.co.kr/zf_user/jobs/relay/view?view_type=list&rec_idx=39312444
에스케이바이오팜(주),[SK바이오팜] 신입/경력사원 채용,www.saramin.co.kr/zf_user/jobs/relay/view?view_type=list&rec_idx=39313019
에스케이엠앤서비스(주),[SK엠앤서비스㈜] 각 부문 경력직 채용,www.saramin.co.kr/zf_user/jobs/relay/view?view_type=list&rec_idx=39321682
(주)카카오커머스,[카카오커머스] 기술직군 모집,www.saramin.co.kr/zf_user/jobs/relay/view?view_type=list&rec_idx=39046559
(주)프레시코드,[프레시코드] Back-End 개발자 채용,www.saramin.co.kr/zf_user/jobs/relay/view?view_type=list&rec_idx=39333433
(주)프레시코드,[프레시코드] Front-End 개발자 채용(React Native),www.saramin.co.kr/zf_user/jobs/relay/view?view_type=list&rec_idx=39333528
(주)엔미디어플랫폼,[넥슨그룹] NMP 개발자 경력직 모집 안내 (DBA / PHP),www.saramin.co.kr/zf_user/jobs/relay/view?view_type=list&rec_idx=39141141
(주)엔미디어플랫폼,[넥슨그룹] 엔미디어플랫폼 웹개발자(.Net) 인재 모집,www.saramin.co.kr/zf_user/jobs/relay/view?view_type=list&rec_idx=39179660
(주)아트웍스코리아,[CJ계열사] 펀샵 웹개발자 모집 ( .NET / 닷넷 / C# / 자바),www.saramin.co.kr/zf_user/jobs/relay/view?view_type=list&rec_idx=39169732
(주)한빛소프트,[정보자산팀] 정보보안파트 경력직 채용,www.saramin.co.kr/zf_user/jobs/relay/view?view_type=list&rec_idx=39332960
(주)엔미디어플랫폼,[넥슨그룹] 엔미디어플랫폼 부문별 경력 채용,www.saramin.co.kr/zf_user/jobs/relay/view?view_type=list&rec_idx=39205902
에스케이인포섹(주),[SK인포섹] 보안운영 &amp; 보안사업 BA 경력직 채용,www.saramin.co.kr/zf_user/jobs/relay/view?view_type=list&rec_idx=39332145
(주)프레시코드,[프레시코드] Front-End 개발자 채용,www.saramin.co.kr/zf_user/jobs/relay/view?view_type=list&rec_idx=39331683
소니코리아(주),소니코리아 신입/경력 채용,www.saramin.co.kr/zf_user/jobs/relay/view?view_type=list&rec_idx=39299579
(주)비즈테크파트너스,IT 인프라 운영 및 클라우드 TA/SA 채용,www.saramin.co.kr/zf_user/jobs/relay/view?view_type=list&rec_idx=39306591
(주)비즈테크파트너스,"ERP(인사,재무) 분석/설계, 개발자 채용",www.saramin.co.kr/zf_user/jobs/relay/view?view_type=list&rec_idx=39281111
현대엔지니어링㈜,현대엔지니어링 IT분야 경력직 채용,www.saramin.co.kr/zf_user/jobs/relay/view?view_type=list&rec_idx=39322182
(주)SBS,SBS IT시스템개발 경력사원 공개채용,www.saramin.co.kr/zf_user/jobs/relay/view?view_type=list&rec_idx=39321887
엔아이티서비스 주식회사,[NIT Service] 네이버페이 서비스 운영,www.saramin.co.kr/zf_user/jobs/relay/view?view_type=list&rec_idx=39320687
엔아이티서비스 주식회사,[NIT Service] NAVER IDC 서버 운영/관리(평촌),www.saramin.co.kr/zf_user/jobs/relay/view?view_type=list&rec_idx=39320679
엔아이티서비스 주식회사,[NIT Service] NAVER IDC 서버 운영/관리(춘천),www.saramin.co.kr/zf_user/jobs/relay/view?view_type=list&rec_idx=39320635
엔아이티서비스 주식회사,[NIT Service] NAVER 오피스 네트워크 운영,www.saramin.co.kr/zf_user/jobs/relay/view?view_type=list&rec_idx=39320576
(주)써로마인드,인공지능으로 직무전환을 원하시는 프론트엔드 개발자 모십니다.,www.saramin.co.kr/zf_user/jobs/relay/view?view_type=list&rec_idx=39318715
(주)써로마인드,인공지능으로 직무전환을 원하시는 백엔드 개발자 모십니다.,www.saramin.co.kr/zf_user/jobs/relay/view?view_type=list&rec_idx=39318668
에스케이인포섹(주),[SK인포섹] 보안솔루션 구축 PM 채용,www.saramin.co.kr/zf_user/jobs/relay/view?view_type=list&rec_idx=39314940
에프알엘코리아(주),[ UNIQLO ] 정보보안 담당자 Junior 모집,www.saramin.co.kr/zf_user/jobs/relay/view?view_type=list&rec_idx=39314246
(주)한빛소프트,"피트니스 앱개발자 모집(안드로이드, iOS, 서버)",www.saramin.co.kr/zf_user/jobs/relay/view?view_type=list&rec_idx=39294892
홈플러스주식회사,IDE 개발자 정규직 채용(경력),www.saramin.co.kr/zf_user/jobs/relay/view?view_type=list&rec_idx=39311368
갤럭시아머니트리(주),[효성 계열사] 네트워크 운영 담당자 모집,www.saramin.co.kr/zf_user/jobs/relay/view?view_type=list&rec_idx=39335365&adsCategoryItem=effect_bold&
(주)판토스,"[판토스/LG계열] 전분야 경력 채용 (W&amp;D, 포워딩, IT)",www.saramin.co.kr/zf_user/jobs/relay/view?view_type=list&rec_idx=39320856
갤럭시아머니트리(주),[효성 계열사] DB운영 및 정보보호 관리 담당자 모집,www.saramin.co.kr/zf_user/jobs/relay/view?view_type=list&rec_idx=39335316&adsCategoryItem=effect_bold&
(주)대우에스티,[㈜대우에스티] 2021년 경력직 공개채용,www.saramin.co.kr/zf_user/jobs/relay/view?view_type=list&rec_idx=39339734
디아이웨어(주),[CJ올리브네트웍스 자회사] 2021년 상반기 IT직무 경력사원 공개채용,www.saramin.co.kr/zf_user/jobs/relay/view?view_type=list&rec_idx=39343930
(주)케이앤웍스,카카오광고 영업 및 운영 담당자 모집,www.saramin.co.kr/zf_user/jobs/relay/view?view_type=list&rec_idx=39320963&adsCategoryItem=effect_bold&
(주)하이텔레서비스,[LG전자 자회사] HR실 노경담당/ IT정보보안 경력사원 채용,www.saramin.co.kr/zf_user/jobs/relay/view?view_type=list&rec_idx=39335926&adsCategoryItem=effect_bold&
대림건설(주),경력사원 채용 (건축현장 토목시공/데이터분석),www.saramin.co.kr/zf_user/jobs/relay/view?view_type=list&rec_idx=39341058
현대무벡스(주),현대무벡스㈜ 부문별 경력사원 상시 모집,www.saramin.co.kr/zf_user/jobs/relay/view?view_type=list&rec_idx=38783890&adsCategoryItem=effect_bold&
동국시스템즈(주),[동국시스템즈] 그룹웨어 시스템 개발/운영 경력모집(SM),www.saramin.co.kr/zf_user/jobs/relay/view?view_type=list&rec_idx=39349887
이니텍(주),[KT그룹사] 인터넷뱅킹 JAVA 웹개발 경력직 모집,www.saramin.co.kr/zf_user/jobs/relay/view?view_type=list&rec_idx=39348995
드림마크원(주),2021년 코로케이션팀 신입/경력사원 채용,www.saramin.co.kr/zf_user/jobs/relay/view?view_type=list&rec_idx=39342726
(주)카카오브이엑스,카카오VX 서비스개발팀 웹개발자(PHP) 채용,www.saramin.co.kr/zf_user/jobs/relay/view?view_type=list&rec_idx=39345795
(주)카카오브이엑스,카카오VX 인프라운영 SE 담당자 영입,www.saramin.co.kr/zf_user/jobs/relay/view?view_type=list&rec_idx=39345779
(주)한국스탠다드차타드은행,[정규직] SC제일은행 정보시스템개발/유지부 및 정보보안부 직원 채용,www.saramin.co.kr/zf_user/jobs/relay/view?view_type=list&rec_idx=39338963
(주)카카오브이엑스,카카오VX  카카오골프예약 서버개발자 채용,www.saramin.co.kr/zf_user/jobs/relay/view?view_type=list&rec_idx=39345681
(주)디케이테크인,[카카오자회사] 카카오엔터프라이즈 데이터센터 엔지니어,www.saramin.co.kr/zf_user/jobs/relay/view?view_type=list&rec_idx=39345680
(주)카카오브이엑스,카카오VX  시스템본부 DB운영팀 DBA채용,www.saramin.co.kr/zf_user/jobs/relay/view?view_type=list&rec_idx=39345548
(주)지에프앤엘,플랫폼 앱/웹 개발자 및 온라인 마케팅 부문별 정규직 채용,www.saramin.co.kr/zf_user/jobs/relay/view?view_type=list&rec_idx=39344630
에스케이인포섹(주),[SK인포섹] 보안인력 각 부문 경력직 채용,www.saramin.co.kr/zf_user/jobs/relay/view?view_type=list&rec_idx=39343639
드림라인(주),2021년 상반기 신입 및 경력사원 채용,www.saramin.co.kr/zf_user/jobs/relay/view?view_type=list&rec_idx=39342624
(주)케이씨씨건설,각 부문 신입 및 경력사원 모집,www.saramin.co.kr/zf_user/jobs/relay/view?view_type=list&rec_idx=39304832
(주)케이씨씨글라스,KCC글라스 각 부문 신입/경력 채용공고,www.saramin.co.kr/zf_user/jobs/relay/view?view_type=list&rec_idx=39312444
에스케이바이오팜(주),[SK바이오팜] 신입/경력사원 채용,www.saramin.co.kr/zf_user/jobs/relay/view?view_type=list&rec_idx=39313019
에스케이엠앤서비스(주),[SK엠앤서비스㈜] 각 부문 경력직 채용,www.saramin.co.kr/zf_user/jobs/relay/view?view_type=list&rec_idx=39321682
(주)카카오커머스,[카카오커머스] 기술직군 모집,www.saramin.co.kr/zf_user/jobs/relay/view?view_type=list&rec_idx=39046559
(주)프레시코드,[프레시코드] Back-End 개발자 채용,www.saramin.co.kr/zf_user/jobs/relay/view?view_type=list&rec_idx=39333433
(주)프레시코드,[프레시코드] Front-End 개발자 채용(React Native),www.saramin.co.kr/zf_user/jobs/relay/view?view_type=list&rec_idx=39333528
(주)엔미디어플랫폼,[넥슨그룹] NMP 개발자 경력직 모집 안내 (DBA / PHP),www.saramin.co.kr/zf_user/jobs/relay/view?view_type=list&rec_idx=39141141
(주)엔미디어플랫폼,[넥슨그룹] 엔미디어플랫폼 웹개발자(.Net) 인재 모집,www.saramin.co.kr/zf_user/jobs/relay/view?view_type=list&rec_idx=39179660
(주)아트웍스코리아,[CJ계열사] 펀샵 웹개발자 모집 ( .NET / 닷넷 / C# / 자바),www.saramin.co.kr/zf_user/jobs/relay/view?view_type=list&rec_idx=39169732
(주)한빛소프트,[정보자산팀] 정보보안파트 경력직 채용,www.saramin.co.kr/zf_user/jobs/relay/view?view_type=list&rec_idx=39332960
(주)엔미디어플랫폼,[넥슨그룹] 엔미디어플랫폼 부문별 경력 채용,www.saramin.co.kr/zf_user/jobs/relay/view?view_type=list&rec_idx=39205902
에스케이인포섹(주),[SK인포섹] 보안운영 &amp; 보안사업 BA 경력직 채용,www.saramin.co.kr/zf_user/jobs/relay/view?view_type=list&rec_idx=39332145
(주)프레시코드,[프레시코드] Front-End 개발자 채용,www.saramin.co.kr/zf_user/jobs/relay/view?view_type=list&rec_idx=39331683
소니코리아(주),소니코리아 신입/경력 채용,www.saramin.co.kr/zf_user/jobs/relay/view?view_type=list&rec_idx=39299579
(주)비즈테크파트너스,IT 인프라 운영 및 클라우드 TA/SA 채용,www.saramin.co.kr/zf_user/jobs/relay/view?view_type=list&rec_idx=39306591
(주)비즈테크파트너스,"ERP(인사,재무) 분석/설계, 개발자 채용",www.saramin.co.kr/zf_user/jobs/relay/view?view_type=list&rec_idx=39281111
현대엔지니어링㈜,현대엔지니어링 IT분야 경력직 채용,www.saramin.co.kr/zf_user/jobs/relay/view?view_type=list&rec_idx=39322182
(주)SBS,SBS IT시스템개발 경력사원 공개채용,www.saramin.co.kr/zf_user/jobs/relay/view?view_type=list&rec_idx=39321887
엔아이티서비스 주식회사,[NIT Service] 네이버페이 서비스 운영,www.saramin.co.kr/zf_user/jobs/relay/view?view_type=list&rec_idx=39320687
엔아이티서비스 주식회사,[NIT Service] NAVER IDC 서버 운영/관리(평촌),www.saramin.co.kr/zf_user/jobs/relay/view?view_type=list&rec_idx=39320679
엔아이티서비스 주식회사,[NIT Service] NAVER IDC 서버 운영/관리(춘천),www.saramin.co.kr/zf_user/jobs/relay/view?view_type=list&rec_idx=39320635
엔아이티서비스 주식회사,[NIT Service] NAVER 오피스 네트워크 운영,www.saramin.co.kr/zf_user/jobs/relay/view?view_type=list&rec_idx=39320576
(주)써로마인드,인공지능으로 직무전환을 원하시는 프론트엔드 개발자 모십니다.,www.saramin.co.kr/zf_user/jobs/relay/view?view_type=list&rec_idx=39318715
(주)써로마인드,인공지능으로 직무전환을 원하시는 백엔드 개발자 모십니다.,www.saramin.co.kr/zf_user/jobs/relay/view?view_type=list&rec_idx=39318668
에스케이인포섹(주),[SK인포섹] 보안솔루션 구축 PM 채용,www.saramin.co.kr/zf_user/jobs/relay/view?view_type=list&rec_idx=39314940
에프알엘코리아(주),[ UNIQLO ] 정보보안 담당자 Junior 모집,www.saramin.co.kr/zf_user/jobs/relay/view?view_type=list&rec_idx=39314246
(주)한빛소프트,"피트니스 앱개발자 모집(안드로이드, iOS, 서버)",www.saramin.co.kr/zf_user/jobs/relay/view?view_type=list&rec_idx=39294892
홈플러스주식회사,IDE 개발자 정규직 채용(경력),www.saramin.co.kr/zf_user/jobs/relay/view?view_type=list&rec_idx=39311368
